,protocol,nav,ap_from_other_sum_ant_rssi,sta_to_self_sum_ant_rssi,sta_to_other_sum_ant_rssi,sta_from_self_sum_ant_rssi,sta_from_other_sum_ant_rssi,sta_from_sta_rssi,nss,mcs,per,seq_time,pro_pd,pro_ed,pro_nav,state,phy,ppdu_dur
1,1,-82,-84.4047619,-57.6097561,-86.6,-61.2,-92,-85,2,11,0.03,49.74,0,0,0,1,286.8,0.003929289
3,0,-82,-84.4047619,-57.6097561,-86.6,-61.2,-92,-85,2,11,0.01,51.5,0,0,0,1,286.8,0.003835147
5,1,-82,-83.39130435,-59.21428571,-83.77272727,-60.25,-92,-85,2,11,0.02,50.56,0.06122449,0,0,1,286.8,0.004397205
7,0,-82,-83.39130435,-59.21428571,-83.77272727,-60.25,-92,-85,2,11,0.02,51.65,0.06122449,0,0,1,286.8,0.004237925
9,1,-82,-82.83333333,-57.86363636,-86.64705882,-59.625,-92,-85,2,11,0.03,48.47,0.04,0,0,1,286.8,0.003938199
11,0,-82,-82.83333333,-57.86363636,-86.64705882,-59.625,-92,-85,2,11,0.01,51.37,0.04,0,0,1,286.8,0.003939789
13,1,-82,-82.13333333,-57.81818182,-85.66666667,-58.525,-92,-85,2,11,0.05,49.35,0.054545455,0,0,1,286.8,0.004333691
15,0,-82,-82.13333333,-57.81818182,-85.66666667,-58.525,-92,-85,2,11,0.02,51.16,0.054545455,0,0,1,286.8,0.004185673
17,1,-82,-82.13636364,-58.12765957,-84.15,-57.775,-92,-85,2,11,0.04,49.3,0.021276596,0,0,1,286.8,0.003778546
19,0,-82,-82.13636364,-58.12765957,-84.15,-57.775,-92,-85,2,11,0.02,50.83,0.021276596,0,0,1,286.8,0.003820083
21,1,-82,-81.26190476,-57.35714286,-83.23529412,-55.975,-86,-85,2,11,0.04,49.14,0.019230769,0,0,1,286.8,0.004174248
23,0,-82,-81.26190476,-57.35714286,-83.23529412,-55.975,-86,-85,2,11,0.02,50.9,0.019230769,0,0,1,286.8,0.004201758
25,1,-82,-81.68085106,-59.61904762,-84.85,-54.625,-92,-85,2,11,0.02,48.58,0.041666667,0,0,1,286.8,0.003765349
27,0,-82,-81.68085106,-59.61904762,-84.85,-54.625,-92,-85,2,11,0.03,50.41,0.041666667,0,0,1,286.8,0.002536169
29,1,-82,-79.39534884,-58.17073171,-84.89473684,-54,-85.7,-85,2,11,0.03,49.75,0.08,0,0.023255814,1,286.8,0.004153833
31,0,-82,-79.39534884,-58.17073171,-84.89473684,-54,-85.7,-85,2,11,0.01,50.97,0.08,0,0.023255814,1,286.8,0.004202925
33,1,-82,-78.28571429,-58.55,-84,-53.025,-84.5,-85,2,11,0.02,49.4,0.08,0,0.023809524,1,286.8,0.003727826
35,0,-82,-78.28571429,-58.55,-84,-53.025,-84.5,-85,2,11,0.01,51.81,0.08,0,0.023809524,1,286.8,0.002528574
37,1,-82,-77.1,-58.23913043,-85.68421053,-51.95,-85.45945946,-85,2,11,0.02,48.89,0.104166667,0,0.025,1,286.8,0.004051315
39,0,-82,-77.1,-58.23913043,-85.68421053,-51.95,-85.45945946,-85,2,11,0.01,51.76,0.104166667,0,0.025,1,286.8,0.004180842
41,1,-82,-76.90909091,-58.06666667,-84.91666667,-51,-82.725,-85,2,11,0.02,49.2,0.134615385,0,0,1,286.8,0.002452329
43,0,-82,-76.90909091,-58.06666667,-84.91666667,-51,-82.725,-85,2,11,0.01,51.54,0.134615385,0,0,1,286.8,0.00249394
45,1,-82,-76.38461538,-58.775,-83.94736842,-50.55,-76.675,-85,2,11,0.04,48.73,0.239130435,0,0,1,286.8,0.004188388
47,0,-82,-76.38461538,-58.775,-83.94736842,-50.55,-76.675,-85,2,11,0.01,51.74,0.239130435,0,0,1,286.8,0.004191925
49,1,-82,-76.30769231,-57.86666667,-83.6875,-48.975,-76.28205128,-85,2,11,0.05,49.51,0.553191489,0,0,2,286.8,0.002438228
51,0,-82,-76.30769231,-57.86666667,-83.6875,-48.975,-76.28205128,-85,2,11,0.01,51.64,0.553191489,0,0,2,286.8,0.003832592
53,1,-82,-75.29787234,-58.82051282,-79.61538462,-47.975,-76,-85,2,11,0.02,43.89,0.773584906,0,0.042553191,2,286.8,0.004170424
55,0,-82,-75.29787234,-58.82051282,-79.61538462,-47.975,-76,-85,2,11,0.01,45.73,0.773584906,0,0.042553191,2,286.8,0.004060075
57,1,-82,-74.4,-57.19444444,-78.2,-46.05,-76.425,-85,2,11,0.02,36.5,0.843137255,0,0.222222222,2,286.8,0.002435576
59,1,-82,-72.51351351,-58.02439024,-81.15384615,-46.25,-75.7,-85,2,11,0.03,35.32,0.837209302,0.023255814,0.888888889,0,286.8,0.002511593
61,0,-82,-72.51351351,-58.02439024,-81.15384615,-46.25,-75.7,-85,2,11,0.02,30.79,0.837209302,0.023255814,0.888888889,0,286.8,0.004189146
63,1,-82,-72.65217391,-59.38095238,-81.78571429,-45.225,-75.38461538,-85,2,11,0.02,32.01,0.9,0,0.847826087,0,286.8,0.004178565
65,0,-82,-72.65217391,-59.38095238,-81.78571429,-45.225,-75.38461538,-85,2,11,0.05,28.9,0.9,0,0.847826087,0,286.8,0.002425685
67,1,-82,-71.88636364,-57.7804878,-80.6,-44.05,-75.05,-85,2,11,0.02,29.47,0.823529412,0,0.863636364,0,286.8,0.003868268
69,0,-82,-71.88636364,-57.7804878,-80.6,-44.05,-75.05,-85,2,11,0.02,27.81,0.823529412,0,0.863636364,0,286.8,0.004187113
71,1,-82,-70.75,-58.62790698,-80.76470588,-43.25,-74.975,-85,2,11,0.02,29.44,0.847826087,0,0.925,0,286.8,0.004253374
73,0,-82,-70.75,-58.62790698,-80.76470588,-43.25,-74.975,-85,2,11,0.03,30.34,0.847826087,0,0.925,0,286.8,0.003822863
75,1,-82,-69.46511628,-56.75,-83.31578947,-42.375,-73.4,-85,2,11,0.03,26.85,0.823529412,0,0.976190476,0,286.8,0.003865324
77,0,-82,-69.46511628,-56.75,-83.31578947,-42.375,-73.4,-85,2,11,0.02,28.14,0.823529412,0,0.976190476,0,286.8,0.004171741
79,1,-82,-69.36363636,-58.52631579,-79.45454545,-40.725,-73.25,-85,2,11,0.03,27.73,0.857142857,0,0.909090909,0,286.8,0.004282443
81,0,-82,-69.36363636,-58.52631579,-79.45454545,-40.725,-73.25,-85,2,11,0.02,27.16,0.857142857,0,0.909090909,0,286.8,0.002443953
1,1,-86,-83.25274725,-57.1686747,-86.55932203,-55.95,-92,-85,2,11,0.02,48.72,0,0,0,1,286.8,0.003898268
3,0,-86,-83.25274725,-57.1686747,-86.55932203,-55.95,-92,-85,2,11,0.03,50.99,0,0,0,1,286.8,0.004170347
5,1,-86,-81.43902439,-57.7,-85.95588235,-54.275,-92,-85,2,11,0.03,49.02,0.022988506,0.011494253,0.024096386,1,286.8,0.004289854
7,0,-86,-81.43902439,-57.7,-85.95588235,-54.275,-92,-85,2,11,0.01,50.67,0.022988506,0.011494253,0.024096386,1,286.8,0.003783921
9,1,-86,-80.29885057,-56.2125,-86.43421053,-52.9,-85,-85,2,11,0.03,48.4,0.033707865,0,0.022988506,1,286.8,0.003835843
11,0,-86,-80.29885057,-56.2125,-86.43421053,-52.9,-85,-85,2,11,0.01,50.74,0.033707865,0,0.022988506,1,286.8,0.004196028
13,1,-86,-79.97560976,-56.87058824,-85.73684211,-52.125,-92,-85,2,11,0.02,48.75,0.045454545,0,0.024390244,1,286.8,0.004255771
15,0,-86,-79.97560976,-56.87058824,-85.73684211,-52.125,-92,-85,2,11,0.01,49.88,0.045454545,0,0.024390244,1,286.8,0.002456177
17,1,-86,-79.25882353,-56.24675325,-85.45205479,-51.4,-92,-85,2,11,0.02,48.19,0.093023256,0.011627907,0.035294118,1,286.8,0.002519174
19,0,-86,-79.25882353,-56.24675325,-85.45205479,-51.4,-92,-85,2,11,0.01,50.95,0.093023256,0.011627907,0.035294118,1,286.8,0.004204414
21,1,-86,-78.96341463,-56.84705882,-85.7826087,-50.325,-92,-85,2,11,0.03,49,0.164705882,0,0.097560976,1,286.8,0.00427774
23,0,-86,-78.96341463,-56.84705882,-85.7826087,-50.325,-92,-85,2,11,0.01,51.57,0.164705882,0,0.097560976,1,286.8,0.003809178
25,1,-86,-77.77108434,-56.40740741,-85.86440678,-48.65,-84.14285714,-85,2,11,0.03,48.73,0.226190476,0,0.662650602,1,286.8,0.003893847
27,0,-86,-77.77108434,-56.40740741,-85.86440678,-48.65,-84.14285714,-85,2,11,0.01,49.94,0.226190476,0,0.662650602,1,286.8,0.004247493
29,1,-86,-76.3452381,-57.67105263,-85.50847458,-47.7,-78.19047619,-85,2,11,0.02,45.19,0.540229885,0.011494253,0.86746988,0,286.8,0.004263809
31,0,-86,-76.3452381,-57.67105263,-85.50847458,-47.7,-78.19047619,-85,2,11,0.01,47.4,0.540229885,0.011494253,0.86746988,0,286.8,0.00388078
33,1,-86,-75.48192771,-57.42105263,-83.78688525,-47.65,-82.21052632,-85,2,11,0.02,26.77,0.823529412,0,0.879518072,0,286.8,0.003766266
35,0,-86,-75.48192771,-57.42105263,-83.78688525,-47.65,-82.21052632,-85,2,11,0.02,31.06,0.823529412,0,0.879518072,0,286.8,0.003838988
37,1,-86,-75.83544304,-57.53658537,-85.04477612,-46.575,-78.625,-85,2,11,0.02,30.34,0.695121951,0,0.911392405,0,286.8,0.003744775
39,0,-86,-75.83544304,-57.53658537,-85.04477612,-46.575,-78.625,-85,2,11,0,31.45,0.695121951,0,0.911392405,0,286.8,0.004214385
41,1,-86,-74.92105263,-57.34615385,-84.52941176,-45.6,-76,-85,2,11,0.02,29.39,0.913580247,0,0.961038961,0,286.8,0.004213424
43,0,-86,-74.92105263,-57.34615385,-84.52941176,-45.6,-76,-85,2,11,0.01,30.01,0.913580247,0,0.961038961,0,286.8,0.003798012
45,1,-86,-73.28205128,-56.2804878,-85.32758621,-44,-76.2,-85,2,11,0.01,28.13,0.903614458,0.012048193,0.923076923,0,286.8,0.003828033
47,0,-86,-73.28205128,-56.2804878,-85.32758621,-44,-76.2,-85,2,11,0.01,30.33,0.903614458,0.012048193,0.923076923,0,286.8,0.004099551
49,1,-86,-73.28089888,-57.59756098,-85.08196721,-42.2,-78.45,-85,2,11,0.03,29.9,0.845360825,0.010309278,0.91011236,0,286.8,0.004012953
51,0,-86,-73.28089888,-57.59756098,-85.08196721,-42.2,-78.45,-85,2,11,0.02,32.83,0.845360825,0.010309278,0.91011236,0,286.8,0.003795122
53,1,-86,-71.97727273,-57.09638554,-84.50943396,-43.175,-75.3,-85,2,11,0.02,32.2,0.902173913,0,0.954545455,0,286.8,0.003751549
55,0,-86,-71.97727273,-57.09638554,-84.50943396,-43.175,-75.3,-85,2,11,0.02,32.85,0.902173913,0,0.954545455,0,286.8,0.004388234
57,1,-86,-71.57954545,-57.72857143,-83.69230769,-42.375,-75.46153846,-85,2,11,0.03,30.28,0.876404494,0,0.885057471,0,286.8,0.004425415
59,0,-86,-71.57954545,-57.72857143,-83.69230769,-42.375,-75.46153846,-85,2,11,0.02,31.54,0.876404494,0,0.885057471,0,286.8,0.003842332
61,1,-86,-69.88888889,-56.5,-85.04918033,-41.275,-75,-85,2,11,0.03,30.39,0.88372093,0,0.938271605,0,286.8,0.00382603
63,0,-86,-69.88888889,-56.5,-85.04918033,-41.275,-75,-85,2,11,0.03,34.08,0.88372093,0,0.938271605,0,286.8,0.004200548
65,1,-86,-69.57317073,-56.75609756,-85.29032258,-40,-76.85,-85,2,11,0.02,30.3,0.941176471,0,0.951807229,0,286.8,0.004179752
67,0,-86,-69.57317073,-56.75609756,-85.29032258,-40,-76.85,-85,2,11,0.01,32.56,0.941176471,0,0.951807229,0,286.8,0.003683208
69,1,-86,-69.68539326,-57.19753086,-84.25862069,-39.6,-74.05,-85,2,11,0.03,30.18,0.858695652,0.010869565,0.865168539,0,286.8,0.00367534
71,0,-86,-69.68539326,-57.19753086,-84.25862069,-39.6,-74.05,-85,2,11,0.03,31.33,0.858695652,0.010869565,0.865168539,0,286.8,0.004009406
73,1,-86,-68.19480519,-59.47560976,-81.98360656,-39.175,-73.75,-85,2,11,0.03,28.7,0.902439024,0,0.961038961,0,286.8,0.004172953
75,0,-86,-68.19480519,-59.47560976,-81.98360656,-39.175,-73.75,-85,2,11,0.02,32.39,0.902439024,0,0.961038961,0,286.8,0.003685383
77,1,-86,-67.78313253,-57.35802469,-82.60784314,-38.925,-73.125,-85,2,11,0.02,28.63,0.885057471,0,0.927710843,0,286.8,0.003738654
79,0,-86,-67.78313253,-57.35802469,-82.60784314,-38.925,-73.125,-85,2,11,0.03,31.65,0.885057471,0,0.927710843,0,286.8,0.004303967
1,1,-82,-82.84782609,-64.25555556,-80.76404494,-66.95,-92,-70,1,4,0.15,48.44,0.060606061,0,0.052083333,1,51.6,0.004161585
3,0,-82,-82.84782609,-64.25555556,-80.76404494,-66.95,-92,-70,1,5,0.14,49.75,0.060606061,0,0.052083333,1,68.8,0.003855573
5,1,-82,-81.93617021,-66.23255814,-79.86956522,-66.6,-92,-70,1,5,0.17,49.76,0.051020408,0,0.031578947,1,68.8,0.003873188
7,0,-82,-81.93617021,-66.23255814,-79.86956522,-66.6,-92,-70,2,3,0.14,48.27,0.051020408,0,0.031578947,1,68.8,0.004210472
9,1,-82,-82.12087912,-64.8,-80.81111111,-65.1,-92,-70,1,5,0.16,47.81,0.020618557,0,0.02173913,1,68.8,0.004205624
11,0,-82,-82.12087912,-64.8,-80.81111111,-65.1,-92,-70,2,4,0.14,49.51,0.020618557,0,0.02173913,1,103.2,0.003867378
13,1,-82,-80.82795699,-65.52272727,-79.86956522,-65,-92,-70,1,5,0.17,46.27,0.041666667,0,0.032258065,1,68.8,0.002542651
15,0,-82,-80.82795699,-65.52272727,-79.86956522,-65,-92,-70,2,4,0.13,51.95,0.041666667,0,0.032258065,1,103.2,0.004223487
17,1,-82,-79.18947368,-65.64210526,-80.08333333,-63.95,-76,-70,1,5,0.17,44.35,0.104166667,0,0.072916667,1,68.8,0.004251333
19,0,-82,-79.18947368,-65.64210526,-80.08333333,-63.95,-76,-70,2,3,0.16,48.87,0.104166667,0,0.072916667,1,68.8,0.003768477
21,1,-82,-79.42696629,-64.86666667,-80.46067416,-62.1,-75.0625,-70,1,5,0.15,44.64,0.076086957,0,0.066666667,1,68.8,0.002476755
23,0,-82,-79.42696629,-64.86666667,-80.46067416,-62.1,-75.0625,-70,1,6,0.14,47.77,0.076086957,0,0.066666667,1,77.4,0.00421153
25,1,-82,-78.65909091,-65.34065934,-80.375,-62.525,-75,-70,2,4,0.15,45,0.133333333,0,0.08045977,1,103.2,0.004271795
27,0,-82,-78.65909091,-65.34065934,-80.375,-62.525,-75,-70,2,4,0.14,48.93,0.133333333,0,0.08045977,1,103.2,0.003726762
29,1,-82,-76.98780488,-64.47126437,-80.60869565,-61.025,-74.54285714,-70,2,4,0.15,42.82,0.149425287,0,0.144578313,1,103.2,0.003908741
31,0,-82,-76.98780488,-64.47126437,-80.60869565,-61.025,-74.54285714,-70,2,4,0.13,48.98,0.149425287,0,0.144578313,1,103.2,0.004136665
33,1,-82,-75.72727273,-64.6627907,-80.91666667,-60.15,-75,-70,2,4,0.14,43.43,0.544444444,0,0.090909091,2,103.2,0.004279517
35,0,-82,-75.72727273,-64.6627907,-80.91666667,-60.15,-75,-70,2,4,0.13,49.62,0.544444444,0,0.090909091,2,103.2,0.00249029
37,1,-82,-74.80681818,-66.38297872,-80.8021978,-58.55,-73.03030303,-70,2,4,0.14,44.86,0.776595745,0,0.159090909,2,103.2,0.003881344
39,0,-82,-74.80681818,-66.38297872,-80.8021978,-58.55,-73.03030303,-70,2,4,0.12,48.89,0.776595745,0,0.159090909,2,103.2,0.004241534
41,1,-82,-74.05376344,-66.59550562,-79.35106383,-59.95,-72.86111111,-70,2,4,0.14,40.03,0.946808511,0.010638298,0.252747253,2,103.2,0.004256859
43,0,-82,-74.05376344,-66.59550562,-79.35106383,-59.95,-72.86111111,-70,2,4,0.13,44.25,0.946808511,0.010638298,0.252747253,2,103.2,0.002441269
45,1,-82,-74.22093023,-65.27173913,-80.49450549,-58.6,-73.02564103,-70,2,5,0.14,33.96,0.88172043,0,0.325581395,2,137.6,0.002478403
47,0,-82,-74.22093023,-65.27173913,-80.49450549,-58.6,-73.02564103,-70,2,4,0.12,47.5,0.88172043,0,0.325581395,2,103.2,0.004213848
49,1,-82,-71.75,-65.40217391,-80.23333333,-56.625,-71.425,-70,2,11,0.22,17.52,0.965116279,0,0.976190476,0,286.8,0.004262218
51,0,-82,-71.75,-65.40217391,-80.23333333,-56.625,-71.425,-70,2,11,0.28,27.22,0.965116279,0,0.976190476,0,286.8,0.003812425
53,1,-82,-71.45744681,-65.40425532,-80.13333333,-56.125,-71.10526316,-70,2,11,0.21,25.06,0.921568627,0,0.978947368,0,286.8,0.002475259
55,0,-82,-71.45744681,-65.40425532,-80.13333333,-56.125,-71.10526316,-70,2,5,0.22,28.61,0.921568627,0,0.978947368,0,137.6,0.004219903
57,1,-82,-70.18666667,-65.48913043,-80.06741573,-54.8,-69.86842105,-70,2,11,0.23,21.71,0.903614458,0,0.934210526,0,286.8,0.004286185
59,0,-82,-70.18666667,-65.48913043,-80.06741573,-54.8,-69.86842105,-70,2,11,0.27,27.85,0.903614458,0,0.934210526,0,286.8,0.003803102
61,1,-82,-69.40697674,-65.89361702,-79.73809524,-52.75,-68.55,-70,2,11,0.22,22.86,0.955555556,0,0.965116279,0,286.8,0.003877629
63,0,-82,-69.40697674,-65.89361702,-79.73809524,-52.75,-68.55,-70,2,11,0.26,26.33,0.955555556,0,0.965116279,0,286.8,0.00422827
65,1,-82,-70.29473684,-65.59340659,-79.56989247,-52.025,-68.125,-70,2,11,0.21,20.89,0.928571429,0,0.957446809,0,286.8,0.004282267
67,0,-82,-70.29473684,-65.59340659,-79.56989247,-52.025,-68.125,-70,2,11,0.29,25.6,0.928571429,0,0.957446809,0,286.8,0.002469662
69,1,-82,-68.23809524,-65.52747253,-78.75555556,-50.975,-67.23076923,-70,2,11,0.23,20.49,0.943181818,0.011363636,0.964705882,0,286.8,0.003820399
71,1,-82,-67.34090909,-66.41573034,-79.04444444,-51.675,-67.02631579,-70,2,11,0.2,23.9,0.97752809,0,0.965909091,0,286.8,0.004245054
73,1,-82,-66.72413793,-65.73913043,-78.57446809,-50.925,-66.95,-70,2,11,0.19,20.88,0.955555556,0,0.977011494,0,286.8,0.004047627
75,1,-82,-66.66666667,-65.38202247,-79.85106383,-48.425,-65.97435897,-70,2,11,0.19,21.7,0.936170213,0,0.955555556,0,286.8,0.003776239
77,0,-82,-66.66666667,-65.38202247,-79.85106383,-48.425,-65.97435897,-70,2,11,0.29,26.06,0.936170213,0,0.955555556,0,286.8,0.003704218
1,1,-86,-82.2020202,-64.07058824,-82.3956044,-92,-92,-70,2,4,0.15,41.71,0.101010101,0,0.101010101,1,103.2,0.004140681
3,0,-86,-82.2020202,-64.07058824,-82.3956044,-92,-92,-70,2,4,0.13,50.63,0.101010101,0,0.101010101,1,103.2,0.004386438
5,1,-86,-81.57894737,-63.98901099,-81.73033708,-92,-92,-70,2,4,0.14,38.93,0.072164948,0,0.073684211,1,103.2,0.003783318
7,0,-86,-81.57894737,-63.98901099,-81.73033708,-92,-92,-70,2,4,0.12,50.21,0.072164948,0,0.073684211,1,103.2,0.003868663
9,1,-86,-80.43298969,-64.26373626,-81.26086957,-92,-92,-70,2,3,0.17,41.08,0.07,0.01,0.072164948,1,68.8,0.004435589
11,0,-86,-80.43298969,-64.26373626,-81.26086957,-92,-92,-70,2,3,0.15,49.59,0.07,0.01,0.072164948,1,68.8,0.00419979
13,0,-86,-79.25,-64.35106383,-81.73684211,-92,-92,-70,2,4,0.13,51.19,0.051546392,0,0.0625,1,103.2,0.00364621
15,1,-86,-78.49462366,-63.98947368,-80.73913043,-92,-92,-70,2,4,0.13,38.85,0.080808081,0,0.107526882,1,103.2,0.003789224
17,0,-86,-78.49462366,-63.98947368,-80.73913043,-92,-92,-70,2,5,0.12,50.21,0.080808081,0,0.107526882,1,137.6,0.004184553
19,1,-86,-77.69892473,-64.52173913,-80.68817204,-92,-92,-70,2,5,0.12,40.84,0.136842105,0,0.182795699,1,137.6,0.004403616
21,0,-86,-77.69892473,-64.52173913,-80.68817204,-92,-92,-70,2,4,0.13,50.93,0.136842105,0,0.182795699,1,103.2,0.003698239
23,1,-86,-76.76086957,-64.33333333,-81.04444444,-92,-92,-70,2,4,0.14,37.58,0.393617021,0,0.836956522,0,103.2,0.003791772
25,0,-86,-76.76086957,-64.33333333,-81.04444444,-92,-92,-70,2,4,0.12,47.91,0.393617021,0,0.836956522,0,103.2,0.004113346
27,1,-86,-75.52941176,-64.28571429,-80.90322581,-92,-92,-70,2,8,0.12,27.2,0.738636364,0,0.976470588,0,206.5,0.004123005
29,0,-86,-75.52941176,-64.28571429,-80.90322581,-92,-92,-70,2,7,0.14,33.96,0.738636364,0,0.976470588,0,172.1,0.003498896
31,1,-86,-74.80681818,-64.40659341,-80.87777778,-92,-92,-70,2,11,0.17,19.99,0.876404494,0,0.954545455,0,286.8,0.003744983
33,0,-86,-74.80681818,-64.40659341,-80.87777778,-92,-92,-70,2,11,0.27,32.44,0.876404494,0,0.954545455,0,286.8,0.004091551
35,1,-86,-73.68181818,-64.70526316,-80.69565217,-92,-92,-70,2,11,0.09,27.05,0.966292135,0,0.965909091,0,286.8,0.004117113
37,0,-86,-73.68181818,-64.70526316,-80.69565217,-92,-92,-70,2,11,0.29,30.42,0.966292135,0,0.965909091,0,286.8,0.003558136
39,1,-86,-72.57471264,-64.2688172,-80.44444444,-92,-92,-70,2,11,0.1,23.77,0.966666667,0,0.965517241,0,286.8,0.003638842
41,0,-86,-72.57471264,-64.2688172,-80.44444444,-92,-92,-70,2,11,0.27,31.24,0.966666667,0,0.965517241,0,286.8,0.004093515
43,1,-86,-71.90804598,-64.03409091,-80.85869565,-92,-92,-70,2,11,0.07,25.89,0.988505747,0,0.988505747,0,286.8,0.004111486
45,1,-86,-71.31182796,-63.9,-80.65217391,-92,-92,-70,2,11,0.08,22.55,0.978494624,0,0.978494624,0,286.8,0.003418586
47,1,-86,-70.04597701,-63.65517241,-80.51086957,-92,-92,-70,2,11,0.15,11.41,0.977272727,0,0.988505747,0,286.8,0.003708397
49,0,-86,-70.04597701,-63.65517241,-80.51086957,-92,-92,-70,2,11,0.26,29.68,0.977272727,0,0.988505747,0,286.8,0.004074409
51,1,-86,-69.40963855,-64.06451613,-80.02222222,-92,-92,-70,2,11,0.07,27.61,0.965116279,0,0.975903614,0,286.8,0.004152998
53,0,-86,-69.40963855,-64.06451613,-80.02222222,-92,-92,-70,2,11,0.26,30.64,0.965116279,0,0.975903614,0,286.8,0.00358894
55,1,-86,-68.09411765,-64.5,-80.17582418,-92,-92,-70,2,11,0.08,27.25,0.965909091,0,0.988235294,0,286.8,0.003628832
57,0,-86,-68.09411765,-64.5,-80.17582418,-92,-92,-70,2,11,0.27,29.24,0.965909091,0,0.988235294,0,286.8,0.004151626
59,1,-86,-67.68674699,-64.37362637,-79.81521739,-92,-92,-70,2,11,0.04,30.38,0.953488372,0,0.987951807,0,286.8,0.004395264
61,0,-86,-67.68674699,-64.37362637,-79.81521739,-92,-92,-70,2,11,0.27,30.01,0.953488372,0,0.987951807,0,286.8,0.003517408
63,1,-86,-67.25581395,-63.75268817,-79.37931034,-92,-92,-70,2,11,0.04,29.9,0.976744186,0,0.976744186,0,286.8,0.003623619
65,1,-86,-66.28915663,-64.30681818,-79.89247312,-92,-92,-70,2,11,0.06,28.1,0.954022989,0,1,0,286.8,0.004116317
67,0,-86,-66.28915663,-64.30681818,-79.89247312,-92,-92,-70,2,11,0.27,30.18,0.954022989,0,1,0,286.8,0.004071679
69,1,-86,-66.34444444,-64.61538462,-79.72619048,-92,-92,-70,2,11,0.05,29.1,0.946808511,0,0.988888889,0,286.8,0.003346854
71,0,-86,-66.34444444,-64.61538462,-79.72619048,-92,-92,-70,2,11,0.28,30.06,0.946808511,0,0.988888889,0,286.8,0.00366064
1,1,-82,-83.86734694,-63.20731707,-86.2195122,-67,-92,-79,2,8,0.08,48.69,0,0,0,1,206.5,0.004129935
3,0,-82,-83.86734694,-63.20731707,-86.2195122,-67,-92,-79,2,8,0.06,49.65,0,0,0,1,206.5,0.004374824
5,1,-82,-83.10752688,-63.67032967,-85.8,-66.75,-92,-79,2,8,0.08,46.35,0,0,0,1,206.5,0.003676478
7,0,-82,-83.10752688,-63.67032967,-85.8,-66.75,-92,-79,2,8,0.04,50.35,0,0,0,1,206.5,0.003769231
9,1,-82,-81.90721649,-63.08235294,-86.15662651,-65.25,-92,-79,2,8,0.05,48.12,0.02020202,0.01010101,0.020618557,1,206.5,0.004095001
11,0,-82,-81.90721649,-63.08235294,-86.15662651,-65.25,-92,-79,2,8,0.04,50.56,0.02020202,0.01010101,0.020618557,1,206.5,0.004129273
13,1,-82,-82.05263158,-62.53409091,-85.82894737,-64.625,-92,-79,2,9,0.08,46.5,0,0,0,1,229.4,0.003657425
15,0,-82,-82.05263158,-62.53409091,-85.82894737,-64.625,-92,-79,2,9,0.04,49.99,0,0,0,1,229.4,0.003648195
17,1,-82,-80.77777778,-62.81111111,-86.2,-63.625,-92,-79,2,9,0.04,47.5,0.00990099,0.00990099,0.01010101,1,229.4,0.003889965
19,0,-82,-80.77777778,-62.81111111,-86.2,-63.625,-92,-79,2,9,0.02,50.31,0.00990099,0.00990099,0.01010101,1,229.4,0.003798092
21,1,-82,-80.22105263,-62.98863636,-86.22222222,-62.95,-92,-79,2,9,0.05,47.33,0.01010101,0.01010101,0.010416667,1,229.4,0.00366881
23,0,-82,-80.22105263,-62.98863636,-86.22222222,-62.95,-92,-79,2,9,0.02,49.32,0.01010101,0.01010101,0.010416667,1,229.4,0.003910059
25,1,-82,-79.6122449,-62.6097561,-86.3,-61.075,-92,-79,2,9,0.04,48.51,0.01010101,0,0,1,229.4,0.003892231
27,0,-82,-79.6122449,-62.6097561,-86.3,-61.075,-92,-79,2,9,0.02,50.7,0.01010101,0,0,1,229.4,0.003899381
29,1,-82,-78.93684211,-62.3908046,-85.67567568,-60.6,-92,-79,2,9,0.05,46.72,0.041237113,0,0,1,229.4,0.003638597
31,0,-82,-78.93684211,-62.3908046,-85.67567568,-60.6,-92,-79,2,9,0.04,50.28,0.041237113,0,0,1,229.4,0.003818878
33,1,-82,-78.18888889,-62.76666667,-85.6626506,-60.175,-92,-79,2,10,0.09,47.17,0.108695652,0,0,1,258.1,0.00381113
35,0,-82,-78.18888889,-62.76666667,-85.6626506,-60.175,-92,-79,2,9,0.06,49.27,0.108695652,0,0,1,229.4,0.004075105
37,1,-82,-77.18390805,-62.69135802,-86.07594937,-58.575,-92,-79,2,10,0.05,47.93,0.280898876,0,0,1,258.1,0.003705505
39,0,-82,-77.18390805,-62.69135802,-86.07594937,-58.575,-92,-79,2,10,0.04,49.62,0.280898876,0,0,1,258.1,0.00377667
41,1,-82,-76.40217391,-62.44827586,-85.8375,-56.75,-92,-79,2,10,0.05,48.96,0.375,0,0.010869565,1,258.1,0.004135436
43,0,-82,-76.40217391,-62.44827586,-85.8375,-56.75,-92,-79,2,10,0.03,48.74,0.375,0,0.010869565,1,258.1,0.004208148
45,1,-82,-75.60227273,-62.55172414,-85.98765432,-56.65,-92,-79,2,10,0.04,49.31,0.739130435,0,0.034090909,2,258.1,0.00362959
47,0,-82,-75.60227273,-62.55172414,-85.98765432,-56.65,-92,-79,2,10,0.03,50.3,0.739130435,0,0.034090909,2,258.1,0.003716036
49,1,-82,-75.54022989,-63.16091954,-84.91176471,-55.65,-92,-79,2,10,0.05,47.22,0.846153846,0,0.091954023,2,258.1,0.003755896
51,0,-82,-75.54022989,-63.16091954,-84.91176471,-55.65,-92,-79,2,10,0.03,46.67,0.846153846,0,0.091954023,2,258.1,0.004114211
53,1,-82,-73.83908046,-62.77011494,-85.14666667,-54.825,-92,-79,2,10,0.05,42.67,0.943181818,0.011363636,0.574712644,0,258.1,0.003581142
55,0,-82,-73.83908046,-62.77011494,-85.14666667,-54.825,-92,-79,2,10,0.04,43.76,0.943181818,0.011363636,0.574712644,0,258.1,0.003657
57,1,-82,-73.71264368,-62.74074074,-85.67105263,-53.8,-92,-79,2,10,0.07,34.7,0.838709677,0.010752688,0.804597701,0,258.1,0.003773333
59,0,-82,-73.71264368,-62.74074074,-85.67105263,-53.8,-92,-79,2,10,0.08,36.08,0.838709677,0.010752688,0.804597701,0,258.1,0.004031526
61,1,-82,-72.48863636,-62.64772727,-84.97619048,-52.875,-76,-79,2,11,0.08,31.98,0.923076923,0,0.863636364,0,286.8,0.003662643
63,0,-82,-72.48863636,-62.64772727,-84.97619048,-52.875,-76,-79,2,11,0.06,32.36,0.923076923,0,0.863636364,0,286.8,0.003704896
65,1,-82,-70.90361446,-63.0375,-85.08108108,-51.925,-75.09090909,-79,2,11,0.06,31.13,0.91954023,0,0.904761905,0,286.8,0.003717951
67,0,-82,-70.90361446,-63.0375,-85.08108108,-51.925,-75.09090909,-79,2,11,0.06,30.16,0.91954023,0,0.904761905,0,286.8,0.003722925
69,1,-82,-70.15853659,-63,-84.85714286,-50.825,-75.03571429,-79,2,11,0.06,29.99,0.953488372,0,0.963414634,0,286.8,0.003709796
71,0,-82,-70.15853659,-63,-84.85714286,-50.825,-75.03571429,-79,2,11,0.04,30.3,0.953488372,0,0.963414634,0,286.8,0.003726607
73,1,-82,-69.85365854,-63,-83.18918919,-49.425,-75.06666667,-79,2,11,0.05,29.75,0.866666667,0,0.926829268,0,286.8,0.003655145
75,1,-82,-68.85393258,-62.82716049,-84.59375,-48.2,-73.60526316,-79,2,11,0.05,30.2,0.913978495,0,0.943820225,0,286.8,0.003762583
77,0,-82,-68.85393258,-62.82716049,-84.59375,-48.2,-73.60526316,-79,1,7,1,0.4,0.913978495,0,0.943820225,0,86,0.00370105
0,1,-82,-83.80952381,-47.8,-83.86363636,-49.2,-85.30769231,-86,2,11,0.02,49.14,0,0,0,1,286.8,0.003553404
2,0,-82,-83.80952381,-47.8,-83.86363636,-49.2,-85.30769231,-86,2,11,0.01,50.85,0,0,0,1,286.8,0.003904303
4,1,-82,-82.91111111,-49.02380952,-84.11904762,-48.525,-83.97058824,-86,2,11,0.01,49.98,0,0,0,1,286.8,0.003908414
6,0,-82,-82.91111111,-49.02380952,-84.11904762,-48.525,-83.97058824,-86,2,11,0.02,48.96,0,0,0,1,286.8,0.003777014
8,1,-82,-82.85714286,-48,-84,-47,-81.7037037,-86,2,11,0.03,48.92,0,0,0,1,286.8,0.003624285
10,0,-82,-82.85714286,-48,-84,-47,-81.7037037,-86,2,11,0.01,51.18,0,0,0,1,286.8,0.003827193
12,1,-82,-82.09302326,-47.93181818,-84.0212766,-46.05,-77.96774194,-86,2,11,0.02,49.81,0,0,0,1,286.8,0.003864784
14,0,-82,-82.09302326,-47.93181818,-84.0212766,-46.05,-77.96774194,-86,2,11,0.01,50.8,0,0,0,1,286.8,0.00363454
16,1,-82,-81.27027027,-48.675,-83.71428571,-45.1,-76.29032258,-86,2,11,0.02,49.55,0,0,0,1,286.8,0.00347616
18,0,-82,-81.27027027,-48.675,-83.71428571,-45.1,-76.29032258,-86,2,11,0.03,49.88,0,0,0,1,286.8,0.003901764
20,1,-82,-80.31578947,-48.04444444,-83.09090909,-45.1,-76.19354839,-86,2,11,0.04,49.6,0,0,0,1,286.8,0.003726042
22,0,-82,-80.31578947,-48.04444444,-83.09090909,-45.1,-76.19354839,-86,2,11,0.01,50.75,0,0,0,1,286.8,0.00363937
24,1,-82,-78.88636364,-48.72093023,-84.28571429,-43.875,-76.25,-86,2,11,0.06,49.42,0,0,0,1,286.8,0.003532394
26,0,-82,-78.88636364,-48.72093023,-84.28571429,-43.875,-76.25,-86,2,11,0.02,50.96,0,0,0,1,286.8,0.003991209
28,1,-82,-78.38461538,-48.30232558,-83.68181818,-42,-76.14285714,-86,2,11,0.03,50.27,0.025,0,0,1,286.8,0.00384232
30,0,-82,-78.38461538,-48.30232558,-83.68181818,-42,-76.14285714,-86,2,11,0.02,50.65,0.025,0,0,1,286.8,0.003462912
32,1,-82,-77.84444444,-48.53658537,-84.475,-41,-75.65,-86,2,11,0.04,49.55,0.177777778,0,0,1,286.8,0.002974396
34,0,-82,-77.84444444,-48.53658537,-84.475,-41,-75.65,-86,2,11,0.02,51.1,0.177777778,0,0,1,286.8,0.003716494
36,1,-82,-76.4,-50.06818182,-83.02631579,-40.65,-75,-86,2,11,0.02,49.39,0.666666667,0,0.044444444,2,286.8,0.004198537
38,0,-82,-76.4,-50.06818182,-83.02631579,-40.65,-75,-86,2,11,0.01,50.96,0.666666667,0,0.044444444,2,286.8,0.003390702
40,1,-82,-76.84782609,-50.43589744,-82.25641026,-39.425,-74.74358974,-86,2,11,0.03,49.51,0.760869565,0,0,2,286.8,0.003576193
42,0,-82,-76.84782609,-50.43589744,-82.25641026,-39.425,-74.74358974,-86,2,11,0.02,50.96,0.760869565,0,0,2,286.8,0.003568749
44,1,-82,-74.65217391,-49.02777778,-83.91304348,-39.65,-74.425,-86,2,11,0.02,48.55,0.913043478,0.02173913,0.065217391,2,286.8,0.003920604
46,0,-82,-74.65217391,-49.02777778,-83.91304348,-39.65,-74.425,-86,2,11,0.01,51.27,0.913043478,0.02173913,0.065217391,2,286.8,0.003351826
48,1,-82,-75.25581395,-50.38095238,-82.54347826,-39.025,-73.7,-86,2,11,0.04,49.2,0.88372093,0,0.395348837,2,286.8,0.00343113
50,0,-82,-75.25581395,-50.38095238,-82.54347826,-39.025,-73.7,-86,2,11,0.02,50.88,0.88372093,0,0.395348837,2,286.8,0.003560568
52,1,-82,-73.89361702,-49.26829268,-83.33333333,-37.225,-73.5,-86,2,11,0.03,41.56,0.893617021,0,0.808510638,0,286.8,0.004151224
54,0,-82,-73.89361702,-49.26829268,-83.33333333,-37.225,-73.5,-86,2,11,0.01,44.36,0.893617021,0,0.808510638,0,286.8,0.003188522
56,1,-82,-71.53658537,-53.48717949,-82.27906977,-36,-71.75,-86,2,11,0.02,34.18,0.930232558,0.023255814,0.880952381,0,286.8,0.003522082
58,1,-82,-71.51282051,-49.77272727,-83.25,-35.05,-72.525,-86,2,11,0.02,33.06,0.974358974,0,0.897435897,0,286.8,0.003542392
60,0,-82,-71.51282051,-49.77272727,-83.25,-35.05,-72.525,-86,2,11,0.02,30.94,0.974358974,0,0.897435897,0,286.8,0.004246863
62,1,-82,-70.89189189,-49.66666667,-84.11627907,-34,-71.225,-86,2,11,0.04,30.63,0.972972973,0,0.918918919,0,286.8,0.003326658
64,0,-82,-70.89189189,-49.66666667,-84.11627907,-34,-71.225,-86,2,11,0.02,28.71,0.972972973,0,0.918918919,0,286.8,0.00340394
66,1,-82,-69.51162791,-50.44117647,-83.52631579,-32.95,-71,-86,2,11,0.02,28.02,0.909090909,0.022727273,0.930232558,0,286.8,0.003773536
68,0,-82,-69.51162791,-50.44117647,-83.52631579,-32.95,-71,-86,2,11,0,27.12,0.909090909,0.022727273,0.930232558,0,286.8,0.004190507
70,1,-82,-68.56818182,-50.40540541,-82.88571429,-32,-69.55,-86,2,11,0.03,28.24,1,0,0.954545455,0,286.8,0.003342349
72,0,-82,-68.56818182,-50.40540541,-82.88571429,-32,-69.55,-86,2,11,0.01,29.14,1,0,0.954545455,0,286.8,0.003146387
74,1,-82,-67.24444444,-48.97435897,-82.75,-29.925,-69.225,-86,2,11,0.03,27.86,1,0.044444444,1,0,286.8,0.003213206
76,0,-82,-67.24444444,-48.97435897,-82.75,-29.925,-69.225,-86,2,11,0.02,28.89,1,0.044444444,1,0,286.8,0.003547977
78,1,-82,-68.37209302,-47.7,-81.76744186,-29.025,-70.35897436,-86,2,11,0.03,28.75,0.976744186,0,0.976744186,0,286.8,0.003113501
80,0,-82,-68.37209302,-47.7,-81.76744186,-29.025,-70.35897436,-86,2,11,0.01,28.27,0.976744186,0,0.976744186,0,286.8,0.003069142
0,1,-86,-83.90588235,-47.67532468,-85.1625,-50.525,-80.325,-86,2,11,0.03,49.9,0.011494253,0,0.011627907,1,286.8,0.003170996
2,0,-86,-83.90588235,-47.67532468,-85.1625,-50.525,-80.325,-86,2,11,0.02,51.66,0.011494253,0,0.011627907,1,286.8,0.003467797
4,1,-86,-83.18823529,-47.67567568,-85.36363636,-48.95,-84.925,-86,2,11,0.02,49.5,0.011764706,0,0.011764706,1,286.8,0.003643677
6,0,-86,-83.18823529,-47.67567568,-85.36363636,-48.95,-84.925,-86,2,11,0.01,51.33,0.011764706,0,0.011764706,1,286.8,0.004195463
8,1,-86,-82.4556962,-47.68421053,-84.2804878,-48.575,-83.54054054,-86,2,11,0.04,49.3,0,0,0,1,286.8,0.003692544
10,0,-86,-82.4556962,-47.68421053,-84.2804878,-48.575,-83.54054054,-86,2,11,0.02,51.36,0,0,0,1,286.8,0.003736721
12,1,-86,-81,-48.37209302,-85.22093023,-47.525,-81.84848485,-86,2,11,0.04,49.21,0.024390244,0.012195122,0.024691358,1,286.8,0.004107128
14,0,-86,-81,-48.37209302,-85.22093023,-47.525,-81.84848485,-86,2,11,0.02,50.12,0.024390244,0.012195122,0.024691358,1,286.8,0.004010438
16,1,-86,-81.02352941,-48.52702703,-85.36842105,-46.95,-77.22580645,-86,2,11,0.05,50.16,0.011627907,0.011627907,0.011627907,1,286.8,0.003682091
18,0,-86,-81.02352941,-48.52702703,-85.36842105,-46.95,-77.22580645,-86,2,11,0.01,52.02,0.011627907,0.011627907,0.011627907,1,286.8,0.003851821
20,1,-86,-79.69620253,-48.02531646,-84.825,-46.325,-77.94871795,-86,2,11,0.03,49.66,0.024691358,0,0.037974684,1,286.8,0.004191035
22,0,-86,-79.69620253,-48.02531646,-84.825,-46.325,-77.94871795,-86,2,11,0.02,51.51,0.024691358,0,0.037974684,1,286.8,0.004198462
24,1,-86,-79.81012658,-47.75641026,-84.25974026,-45.025,-76.6,-86,2,11,0.03,49.8,0,0,0.012658228,1,286.8,0.002818019
26,0,-86,-79.81012658,-47.75641026,-84.25974026,-45.025,-76.6,-86,2,11,0.01,51.43,0,0,0.012658228,1,286.8,0.003883022
28,1,-86,-78.73493976,-47.38461538,-84.36046512,-43.85,-75.975,-86,2,11,0.03,47.82,0.011904762,0,0.084337349,1,286.8,0.003804341
30,0,-86,-78.73493976,-47.38461538,-84.36046512,-43.85,-75.975,-86,2,11,0.02,49.01,0.011904762,0,0.084337349,1,286.8,0.004059925
32,1,-86,-78.09411765,-47.36486486,-83.96153846,-41.725,-76.56756757,-86,2,11,0.03,40.45,0.505882353,0,0.517647059,2,286.8,0.0038205
34,0,-86,-78.09411765,-47.36486486,-83.96153846,-41.725,-76.56756757,-86,2,11,0.02,34.64,0.505882353,0,0.517647059,2,286.8,0.003942344
36,1,-86,-76.25581395,-46.96551724,-84.4,-40.25,-75.425,-86,2,11,0.02,32.92,0.488372093,0.011627907,0.88372093,0,286.8,0.003438615
38,0,-86,-76.25581395,-46.96551724,-84.4,-40.25,-75.425,-86,2,11,0.02,31.11,0.488372093,0.011627907,0.88372093,0,286.8,0.003720413
40,1,-86,-76.63636364,-47.21428571,-84.12987013,-39.025,-75.475,-86,2,11,0.02,30.45,0.576923077,0,0.868421053,0,286.8,0.002896663
42,0,-86,-76.63636364,-47.21428571,-84.12987013,-39.025,-75.475,-86,2,11,0,31.9,0.576923077,0,0.868421053,0,286.8,0.003768716
44,1,-86,-75.18987342,-47.85135135,-84.07692308,-38.05,-75.35,-86,2,11,0.03,31.93,0.810126582,0.012658228,0.873417722,0,286.8,0.003446534
46,0,-86,-75.18987342,-47.85135135,-84.07692308,-38.05,-75.35,-86,2,11,0.02,30.84,0.810126582,0.012658228,0.873417722,0,286.8,0.003791112
48,1,-86,-74.84337349,-48.34567901,-83.76829268,-38.875,-74.15,-86,2,11,0.02,29.9,0.86746988,0,0.879518072,0,286.8,0.00361339
50,0,-86,-74.84337349,-48.34567901,-83.76829268,-38.875,-74.15,-86,2,11,0.02,33.81,0.86746988,0,0.879518072,0,286.8,0.003825874
52,1,-86,-72.78947368,-48.07142857,-83.8974359,-37.125,-73.33333333,-86,2,11,0.04,33.78,0.960526316,0,0.947368421,0,286.8,0.003196118
54,0,-86,-72.78947368,-48.07142857,-83.8974359,-37.125,-73.33333333,-86,2,11,0.02,32.77,0.960526316,0,0.947368421,0,286.8,0.003709419
56,1,-86,-72.6746988,-48.19480519,-83.6125,-36.7,-73.09375,-86,2,11,0.03,33.99,0.916666667,0,0.927710843,0,286.8,0.004005437
58,0,-86,-72.6746988,-48.19480519,-83.6125,-36.7,-73.09375,-86,2,11,0.02,33.54,0.916666667,0,0.927710843,0,286.8,0.003798539
60,1,-86,-71.49315068,-48.16438356,-84.48648649,-35.75,-71.78787879,-86,2,11,0.03,31.83,0.972972973,0,0.959459459,0,286.8,0.003129011
62,0,-86,-71.49315068,-48.16438356,-84.48648649,-35.75,-71.78787879,-86,2,11,0.03,35.63,0.972972973,0,0.959459459,0,286.8,0.003221535
64,1,-86,-70.98837209,-48.9625,-83.83783784,-34.4,-71.62162162,-86,2,11,0.03,35.2,0.941860465,0,0.941860465,0,286.8,0.00322186
66,0,-86,-70.98837209,-48.9625,-83.83783784,-34.4,-71.62162162,-86,2,11,0.02,30.12,0.941860465,0,0.941860465,0,286.8,0.003758392
68,1,-86,-69.40697674,-48.7375,-83.24,-32.075,-71.18181818,-86,2,11,0.03,32.71,0.988505747,0,1,0,286.8,0.003072693
70,0,-86,-69.40697674,-48.7375,-83.24,-32.075,-71.18181818,-86,2,11,0.02,33.83,0.988505747,0,1,0,286.8,0.002540225
72,1,-86,-68.11111111,-47.88607595,-83.45,-31.3,-69.725,-86,2,11,0.03,30.63,0.987654321,0,0.987654321,0,286.8,0.003408071
74,0,-86,-68.11111111,-47.88607595,-83.45,-31.3,-69.725,-86,2,11,0.02,32.27,0.987654321,0,0.987654321,0,286.8,0.004041301
76,1,-86,-68.42352941,-48,-82.91764706,-30.975,-68.825,-86,2,11,0.02,31.21,0.920454545,0.022727273,0.952941176,0,286.8,0.002694361
78,0,-86,-68.42352941,-48,-82.91764706,-30.975,-68.825,-86,2,11,0.02,33.7,0.920454545,0.022727273,0.952941176,0,286.8,0.003289069
0,1,-82,-84.68817204,-62.61904762,-75.2183908,-64,-74.93939394,-71,2,4,0.15,49.49,0.021052632,0,0,1,103.2,0.003913117
2,0,-82,-84.68817204,-62.61904762,-75.2183908,-64,-74.93939394,-71,2,4,0.12,51.28,0.021052632,0,0,1,103.2,0.004194754
4,1,-82,-83.30526316,-62.46511628,-75.79518072,-62.975,-74.35135135,-71,2,5,0.14,49.83,0.06122449,0,0.020408163,1,137.6,0.002945565
6,0,-82,-83.30526316,-62.46511628,-75.79518072,-62.975,-74.35135135,-71,2,4,0.12,50.78,0.06122449,0,0.020408163,1,103.2,0.00278124
8,1,-82,-82.65591398,-62.31034483,-75.89247312,-62.625,-72.42857143,-71,2,5,0.15,48.75,0.043010753,0,0,1,137.6,0.00375952
10,0,-82,-82.65591398,-62.31034483,-75.89247312,-62.625,-72.42857143,-71,2,4,0.13,50.92,0.043010753,0,0,1,103.2,0.004271114
12,1,-82,-81.45454545,-62.36363636,-75.62222222,-60.35,-73.03448276,-71,2,4,0.13,50.08,0.06,0,0.01010101,1,103.2,0.002798516
14,0,-82,-81.45454545,-62.36363636,-75.62222222,-60.35,-73.03448276,-71,2,4,0.11,51.92,0.06,0,0.01010101,1,103.2,0.003233145
16,1,-82,-81.62,-62.25301205,-75.68235294,-59.425,-72.05882353,-71,2,4,0.12,50.26,0.069306931,0,0.00990099,1,103.2,0.003183006
18,0,-82,-81.62,-62.25301205,-75.68235294,-59.425,-72.05882353,-71,2,5,0.13,51,0.069306931,0,0.00990099,1,137.6,0.003070923
20,1,-82,-80.29896907,-62.17977528,-75.46666667,-59.075,-72.8125,-71,2,5,0.15,48.52,0.072164948,0,0.010309278,1,137.6,0.002450774
22,0,-82,-80.29896907,-62.17977528,-75.46666667,-59.075,-72.8125,-71,2,5,0.13,50.56,0.072164948,0,0.010309278,1,137.6,0.002126253
24,1,-82,-78.76595745,-61.82142857,-75.25581395,-58.925,-71.22727273,-71,2,4,0.12,49.47,0.063829787,0,0.010638298,1,103.2,0.003826964
26,0,-82,-78.76595745,-61.82142857,-75.25581395,-58.925,-71.22727273,-71,2,5,0.14,50.24,0.063829787,0,0.010638298,1,137.6,0.004294361
28,1,-82,-78,-61.48275862,-75.01190476,-56.575,-70.21621622,-71,2,5,0.12,49.11,0.097826087,0,0,1,137.6,0.002771429
30,0,-82,-78,-61.48275862,-75.01190476,-56.575,-70.21621622,-71,2,5,0.14,48.51,0.097826087,0,0,1,137.6,0.003309161
32,1,-82,-77.42553191,-61.53012048,-74.86666667,-56,-70.03125,-71,2,5,0.12,48.11,0.127659574,0,0,1,137.6,0.003593214
34,0,-82,-77.42553191,-61.53012048,-74.86666667,-56,-70.03125,-71,2,5,0.12,50.81,0.127659574,0,0,1,137.6,0.004278783
36,1,-82,-75.56842105,-61.98780488,-76.3452381,-54.875,-68.51282051,-71,2,5,0.11,48.65,0.694736842,0,0.021052632,2,137.6,0.002693249
38,0,-82,-75.56842105,-61.98780488,-76.3452381,-54.875,-68.51282051,-71,2,5,0.11,50.74,0.694736842,0,0.021052632,2,137.6,0.003369027
40,1,-82,-75.78125,-61.98837209,-76.22352941,-53.2,-68.15151515,-71,2,4,0.13,43.73,0.479166667,0,0.020833333,2,103.2,0.003967506
42,0,-82,-75.78125,-61.98837209,-76.22352941,-53.2,-68.15151515,-71,2,4,0.12,48.2,0.479166667,0,0.020833333,2,103.2,0.004282388
44,1,-82,-75.05952381,-62.34177215,-75.31395349,-53.5,-66.48717949,-71,2,4,0.15,42.22,0.776470588,0,0.023809524,2,103.2,0.002453917
46,0,-82,-75.05952381,-62.34177215,-75.31395349,-53.5,-66.48717949,-71,2,4,0.1,48.83,0.776470588,0,0.023809524,2,103.2,0.003734757
48,1,-82,-73.89655172,-62.27272727,-75.17241379,-51.975,-66.16216216,-71,2,11,0.2,36.01,1,0,0.367816092,2,286.8,0.00402294
50,0,-82,-73.89655172,-62.27272727,-75.17241379,-51.975,-66.16216216,-71,2,11,0.32,29.67,1,0,0.367816092,2,286.8,0.004279068
52,1,-82,-73.12941176,-60.88505747,-75.25842697,-50.925,-66.85,-71,2,11,0.24,31.1,0.988235294,0.011764706,0.729411765,0,286.8,0.002627879
54,0,-82,-73.12941176,-60.88505747,-75.25842697,-50.925,-66.85,-71,2,6,0.24,31.94,0.988235294,0.011764706,0.729411765,0,154.9,0.003689076
56,1,-82,-72.38372093,-61.21686747,-75.09195402,-49.55,-63.91666667,-71,2,11,0.22,30.73,0.965116279,0,0.895348837,0,286.8,0.002705308
58,0,-82,-72.38372093,-61.21686747,-75.09195402,-49.55,-63.91666667,-71,2,11,0.3,28.09,0.965116279,0,0.895348837,0,286.8,0.003642053
60,1,-82,-71.77777778,-61.30487805,-74.86206897,-48,-63.94594595,-71,2,11,0.24,29.12,0.977777778,0.011111111,0.866666667,0,286.8,0.003837954
62,0,-82,-71.77777778,-61.30487805,-74.86206897,-48,-63.94594595,-71,2,11,0.27,28.73,0.977777778,0.011111111,0.866666667,0,286.8,0.004256828
64,1,-82,-70.6627907,-62,-74.93103448,-47.625,-62.28205128,-71,2,11,0.18,31.4,0.976744186,0.011627907,0.88372093,0,286.8,0.00239687
66,0,-82,-70.6627907,-62,-74.93103448,-47.625,-62.28205128,-71,2,11,0.27,30.13,0.976744186,0.011627907,0.88372093,0,286.8,0.003773617
68,1,-82,-69.8172043,-62.07317073,-74.84269663,-46.425,-62.07894737,-71,2,11,0.19,31.18,0.978723404,0,0.924731183,0,286.8,0.003947487
70,1,-82,-68.78409091,-62.55172414,-74.5,-44.525,-58.97142857,-71,2,11,0.2,28.99,0.977272727,0,0.954545455,0,286.8,0.004272791
72,1,-82,-67.7,-62.36904762,-74.95061728,-44.55,-60.57142857,-71,2,11,0.17,29.09,0.975,0,0.9375,0,286.8,0.003855759
74,1,-82,-67.82352941,-61.65432099,-75.09302326,-45.05,-59.37142857,-71,2,11,0.2,30.26,0.988095238,0,0.964705882,0,286.8,0.003735393
76,0,-82,-67.82352941,-61.65432099,-75.09302326,-45.05,-59.37142857,-71,2,11,0.26,30.96,0.988095238,0,0.964705882,0,286.8,0.004242428
0,1,-86,-82.06521739,-64.20430108,-77.27173913,-68.075,-75,-71,2,4,0.15,47.19,0.021505376,0,0.032258065,1,103.2,0.004054095
2,0,-86,-82.06521739,-64.20430108,-77.27173913,-68.075,-75,-71,1,5,0.15,51.55,0.021505376,0,0.032258065,1,68.8,0.003797538
4,1,-86,-81.3956044,-64.95348837,-76.35,-66.65,-75,-71,2,4,0.14,44.8,0.010869565,0.010869565,0.010869565,1,103.2,0.002761579
6,0,-86,-81.3956044,-64.95348837,-76.35,-66.65,-75,-71,2,4,0.12,51.71,0.010869565,0.010869565,0.010869565,1,103.2,0.003954901
8,1,-86,-80.23469388,-64.84705882,-76.9,-65.025,-74.04,-71,2,4,0.15,45.61,0.051020408,0,0.020408163,1,103.2,0.004144075
10,0,-86,-80.23469388,-64.84705882,-76.9,-65.025,-74.04,-71,2,4,0.14,47.9,0.051020408,0,0.020408163,1,103.2,0.003774519
12,0,-86,-79.83505155,-64.90243902,-76.58139535,-64.475,-74,-71,2,4,0.14,50.27,0.030612245,0,0.010309278,1,103.2,0.003872348
14,1,-86,-79.06451613,-64.75,-76.33333333,-63.575,-73.05405405,-71,2,4,0.18,37.33,0.010752688,0,0.053763441,1,103.2,0.004030777
16,0,-86,-79.06451613,-64.75,-76.33333333,-63.575,-73.05405405,-71,1,0,0.26,39.22,0.010752688,0,0.053763441,1,8.6,0.004138936
18,1,-86,-77.60227273,-65.19354839,-76.05434783,-64,-73,-71,2,4,0.15,31.6,0.159090909,0,0.477272727,1,103.2,0.003845149
20,0,-86,-77.60227273,-65.19354839,-76.05434783,-64,-73,-71,2,4,0.13,45.08,0.159090909,0,0.477272727,1,103.2,0.0026843
22,1,-86,-76.86021505,-64.69230769,-76.17241379,-62.825,-72.21428571,-71,2,4,0.16,40.11,0.397849462,0,0.88172043,0,103.2,0.004040567
24,0,-86,-76.86021505,-64.69230769,-76.17241379,-62.825,-72.21428571,-71,2,4,0.08,46.63,0.397849462,0,0.88172043,0,103.2,0.004063545
26,1,-86,-76.41573034,-64.66292135,-76.07954545,-62,-71.97435897,-71,2,4,0.2,29.29,0.555555556,0,0.93258427,0,103.2,0.003678406
28,0,-86,-76.41573034,-64.66292135,-76.07954545,-62,-71.97435897,-71,2,4,0.25,32.07,0.555555556,0,0.93258427,0,103.2,0.003819585
30,1,-86,-75.58823529,-65.03614458,-75.96666667,-61.025,-70.11111111,-71,2,11,0.12,28.45,0.858823529,0,0.964705882,0,286.8,0.003848709
32,0,-86,-75.58823529,-65.03614458,-75.96666667,-61.025,-70.11111111,-71,2,11,0.37,23.72,0.858823529,0,0.964705882,0,286.8,0.004150832
34,1,-86,-74.75294118,-64.43373494,-75.58888889,-59.9,-70.94594595,-71,2,11,0.12,20.87,0.905882353,0,0.917647059,0,286.8,0.00375203
36,0,-86,-74.75294118,-64.43373494,-75.58888889,-59.9,-70.94594595,-71,2,11,0.3,26.39,0.905882353,0,0.917647059,0,286.8,0.003783396
38,1,-86,-74.34177215,-65.10227273,-76.1547619,-59.025,-69.19354839,-71,2,11,0.09,22.86,0.974683544,0,0.911392405,0,286.8,0.00403438
40,0,-86,-74.34177215,-65.10227273,-76.1547619,-59.025,-69.19354839,-71,2,11,0.26,24.6,0.974683544,0,0.911392405,0,286.8,0.004151996
42,1,-86,-72.71084337,-64.6741573,-75.70114943,-58.025,-68.54054054,-71,2,11,0.09,20.84,0.951807229,0,0.963855422,0,286.8,0.003814615
44,1,-86,-71.84,-65.18478261,-76,-56.275,-67.75,-71,2,11,0.08,25.93,0.948051948,0,0.973333333,0,286.8,0.00378287
46,1,-86,-70.88505747,-64.45454545,-75.56043956,-55.7,-66.71052632,-71,2,11,0.09,35.84,0.954545455,0,0.965517241,0,286.8,0.004050413
48,0,-86,-70.88505747,-64.45454545,-75.56043956,-55.7,-66.71052632,-71,2,11,0.23,25.25,0.954545455,0,0.965517241,0,286.8,0.004157398
50,1,-86,-69.53571429,-64.65116279,-75.46067416,-55.025,-65.12820513,-71,2,11,0.09,19.71,0.988235294,0,0.976190476,0,286.8,0.002748767
52,0,-86,-69.53571429,-64.65116279,-75.46067416,-55.025,-65.12820513,-71,2,11,0.26,23.79,0.988235294,0,0.976190476,0,286.8,0.003558891
54,1,-86,-69.27272727,-64.43529412,-75.50588235,-53.5,-64.45,-71,2,11,0.08,19.57,0.933333333,0.011111111,0.954545455,0,286.8,0.004068814
56,0,-86,-69.27272727,-64.43529412,-75.50588235,-53.5,-64.45,-71,2,11,0.23,25.83,0.933333333,0.011111111,0.954545455,0,286.8,0.004078655
58,1,-86,-67.55128205,-64.40697674,-75.2,-53.375,-63.85,-71,2,11,0.1,16.77,0.987341772,0,0.987179487,0,286.8,0.003748233
60,0,-86,-67.55128205,-64.40697674,-75.2,-53.375,-63.85,-71,2,11,0.25,25.73,0.987341772,0,0.987179487,0,286.8,0.002515625
62,1,-86,-66.80263158,-64.13253012,-75.26190476,-51.125,-61.91891892,-71,2,11,0.11,17.08,0.987012987,0,0.986842105,0,286.8,0.003984995
64,1,-86,-66.1375,-64,-75.13924051,-50.4,-62.30769231,-71,2,11,0.1,19.53,0.975308642,0.012345679,0.9875,0,286.8,0.003754867
66,0,-86,-66.1375,-64,-75.13924051,-50.4,-62.30769231,-71,2,11,0.27,25.38,0.975308642,0.012345679,0.9875,0,286.8,0.003354897
68,1,-86,-67.15555556,-64.46236559,-74.8172043,-49.825,-61.55,-71,2,11,0.12,17.53,0.933333333,0,0.922222222,0,286.8,0.003777809
70,0,-86,-67.15555556,-64.46236559,-74.8172043,-49.825,-61.55,-71,2,11,0.25,25.76,0.933333333,0,0.922222222,0,286.8,0.003691528
0,1,-82,-84.15789474,-67.36263736,-86.71428571,-69.9,-92,-78,2,7,0.03,48.54,0,0,0,1,172.1,0.004074934
2,0,-82,-84.15789474,-67.36263736,-86.71428571,-69.9,-92,-78,2,7,0.03,48.31,0,0,0,1,172.1,0.003698271
4,1,-82,-83.81521739,-67.66292135,-86.69135802,-68.35,-92,-78,2,7,0.03,48.96,0,0,0,1,172.1,0.003849919
6,0,-82,-83.81521739,-67.66292135,-86.69135802,-68.35,-92,-78,2,7,0.05,51.53,0,0,0,1,172.1,0.003790882
8,1,-82,-82.6185567,-67.80434783,-85.74418605,-67.825,-92,-78,2,8,0.06,46.85,0,0,0,1,206.5,0.004092377
10,0,-82,-82.6185567,-67.80434783,-85.74418605,-67.825,-92,-78,2,8,0.05,49.79,0,0,0,1,206.5,0.003672855
12,1,-82,-82.20833333,-67.91397849,-85.39215686,-67.4,-92,-78,2,8,0.06,47.68,0,0,0,1,206.5,0.003915105
14,0,-82,-82.20833333,-67.91397849,-85.39215686,-67.4,-92,-78,2,8,0.05,49.98,0,0,0,1,206.5,0.003862518
16,1,-82,-80.91397849,-67.13483146,-84.61764706,-65.7,-92,-78,2,9,0.07,46.34,0.010526316,0.010526316,0.010638298,1,229.4,0.004137962
18,0,-82,-80.91397849,-67.13483146,-84.61764706,-65.7,-92,-78,2,9,0.07,49.51,0.010526316,0.010526316,0.010638298,1,229.4,0.002701023
20,1,-82,-80.11827957,-67.4787234,-86.35294118,-64.5,-92,-78,2,9,0.05,46.7,0,0,0,1,229.4,0.002715237
22,0,-82,-80.11827957,-67.4787234,-86.35294118,-64.5,-92,-78,2,9,0.04,48.12,0,0,0,1,229.4,0.004004403
24,1,-82,-78.73404255,-67.68181818,-85.62962963,-63.9,-92,-78,2,9,0.04,47.92,0.031914894,0,0,1,229.4,0.004047531
26,0,-82,-78.73404255,-67.68181818,-85.62962963,-63.9,-92,-78,2,9,0.04,50.3,0.031914894,0,0,1,229.4,0.003952655
28,1,-82,-77.38202247,-67.19318182,-84.86046512,-62.85,-92,-78,2,9,0.07,46.84,0.139784946,0.010752688,0.011111111,1,229.4,0.003860784
30,0,-82,-77.38202247,-67.19318182,-84.86046512,-62.85,-92,-78,2,9,0.03,49.54,0.139784946,0.010752688,0.011111111,1,229.4,0.004119908
32,1,-82,-76.97647059,-67.81052632,-85.13888889,-62,-92,-78,2,9,0.05,49.46,0.223529412,0.023529412,0.023529412,1,229.4,0.004042947
34,0,-82,-76.97647059,-67.81052632,-85.13888889,-62,-92,-78,2,9,0.04,49.04,0.223529412,0.023529412,0.023529412,1,229.4,0.003738825
36,1,-82,-76.89772727,-67.68817204,-84.90909091,-61.55,-92,-78,2,9,0.08,45.41,0.375,0,0.011363636,1,229.4,0.003676476
38,0,-82,-76.89772727,-67.68817204,-84.90909091,-61.55,-92,-78,2,9,0.07,48.61,0.375,0,0.011363636,1,229.4,0.00399286
40,1,-82,-76.21686747,-67.36363636,-84.85294118,-60.6,-92,-78,2,10,0.08,48.06,0.752941176,0,0.011904762,2,258.1,0.003996234
42,0,-82,-76.21686747,-67.36363636,-84.85294118,-60.6,-92,-78,2,10,0.08,48.03,0.752941176,0,0.011904762,2,258.1,0.003587534
44,1,-82,-74.60240964,-67.67368421,-83.64444444,-59.75,-92,-78,2,10,0.08,46.15,0.952380952,0,0.108433735,2,258.1,0.003589392
46,0,-82,-74.60240964,-67.67368421,-83.64444444,-59.75,-92,-78,2,10,0.07,49.84,0.952380952,0,0.108433735,2,258.1,0.003898379
48,1,-82,-74.22093023,-67.85393258,-83.62068966,-58.6,-92,-78,2,10,0.07,46.05,0.91954023,0,0.390804598,2,258.1,0.004020986
50,0,-82,-74.22093023,-67.85393258,-83.62068966,-58.6,-92,-78,2,10,0.05,45.63,0.91954023,0,0.390804598,2,258.1,0.003560422
52,1,-82,-73.43037975,-67.73333333,-83.81818182,-57.85,-83,-78,2,10,0.05,41.52,0.938271605,0,0.82278481,0,258.1,0.003572392
54,0,-82,-73.43037975,-67.73333333,-83.81818182,-57.85,-83,-78,2,10,0.05,42.96,0.938271605,0,0.82278481,0,258.1,0.00399638
56,1,-82,-72.14285714,-67.76595745,-85.46153846,-56.7,-82.3,-78,2,10,0.07,34.78,0.976470588,0,0.905882353,0,258.1,0.003875699
58,0,-82,-72.14285714,-67.76595745,-85.46153846,-56.7,-82.3,-78,2,10,0.08,31.76,0.976470588,0,0.905882353,0,258.1,0.003503245
60,1,-82,-72.14634146,-67.64835165,-84.88,-55.95,-92,-78,2,11,0.08,31.39,0.927710843,0,0.817073171,0,286.8,0.003617259
62,0,-82,-72.14634146,-67.64835165,-84.88,-55.95,-92,-78,2,11,0.08,30.76,0.927710843,0,0.817073171,0,286.8,0.003807924
64,1,-82,-70.2375,-68.09375,-81.67857143,-54.9,-75,-78,2,11,0.08,29.29,0.963414634,0,0.95,0,286.8,0.004077983
66,0,-82,-70.2375,-68.09375,-81.67857143,-54.9,-75,-78,2,11,0.05,34.58,0.963414634,0,0.95,0,286.8,0.003618571
68,1,-82,-69.51190476,-67.50537634,-83.82758621,-53.425,-75.5,-78,2,11,0.08,26.82,0.964705882,0,0.928571429,0,286.8,0.003634877
70,0,-82,-69.51190476,-67.50537634,-83.82758621,-53.425,-75.5,-78,2,11,0.07,27.81,0.964705882,0,0.928571429,0,286.8,0.003506984
72,1,-82,-68.5308642,-67.52747253,-83.02380952,-52.6,-74.75862069,-78,2,11,0.06,28.3,0.987654321,0,0.987654321,0,286.8,0.003580493
74,1,-82,-69.0875,-67.78494624,-79.875,-52.55,-74.94594595,-78,2,11,0.06,26.98,0.925925926,0,0.888888889,0,286.8,0.00415766
76,0,-82,-69.0875,-67.78494624,-79.875,-52.55,-74.94594595,-78,2,11,0.03,47.22,0.925925926,0,0.888888889,0,286.8,0.001577894
